colour	x	key	showSelectedlegendcolour	group
#000000	1.06268297648057	1.06268297648057	train	1
#000000	4.3764197290875	4.3764197290875	train	2
#000000	-2.35647932393476	-2.35647932393476	train	3
#000000	-1.19906080653891	-1.19906080653891	train	4
#000000	3.07483389042318	3.07483389042318	train	5
#000000	4.78075725259259	4.78075725259259	train	6
#000000	4.57933716475964	4.57933716475964	train	7
#000000	2.62731856433675	2.62731856433675	train	8
#000000	0.0964853493496776	0.0964853493496776	train	9
#000000	-4.35523204738274	-4.35523204738274	train	10
#FF0000	1.43572765169665	1.43572765169665	test	11
#FF0000	4.15908884257078	4.15908884257078	test	12
#FF0000	-4.04767419211566	-4.04767419211566	test	13
#FF0000	-2.04627197002992	-2.04627197002992	test	14
#FF0000	2.6993169891648	2.6993169891648	test	15
#FF0000	-2.44106474099681	-2.44106474099681	test	16
#FF0000	0.178957260213792	0.178957260213792	test	17
#FF0000	1.7784993047826	1.7784993047826	test	18
#FF0000	-3.52772180689499	-3.52772180689499	test	19
#FF0000	2.00526044936851	2.00526044936851	test	20
#FF0000	4.57992534851655	4.57992534851655	test	21
#FF0000	3.28625058988109	3.28625058988109	test	22
#FF0000	-3.80721196997911	-3.80721196997911	test	23
#FF0000	-2.59659008821473	-2.59659008821473	test	24
#FF0000	2.43188487831503	2.43188487831503	test	25
#FF0000	-1.84202378382906	-1.84202378382906	test	26
#FF0000	-1.43774565076455	-1.43774565076455	test	27
#FF0000	4.14359879679978	4.14359879679978	test	28
#FF0000	-2.25598458899185	-2.25598458899185	test	29
#FF0000	-0.666619276162237	-0.666619276162237	test	30
#FF0000	0.217734931502491	0.217734931502491	test	31
#FF0000	-3.73830862808973	-3.73830862808973	test	32
#FF0000	4.56151891965419	4.56151891965419	test	33
#FF0000	2.60002784896642	2.60002784896642	test	34
#FF0000	-3.63104291260242	-3.63104291260242	test	35
#FF0000	4.30865071713924	4.30865071713924	test	36
#FF0000	-1.13817139295861	-1.13817139295861	test	37
#FF0000	-4.40776953706518	-4.40776953706518	test	38
#FF0000	4.86357388785109	4.86357388785109	test	39
#FF0000	2.66906925244257	2.66906925244257	test	40
#FF0000	1.9803210766986	1.9803210766986	test	41
#FF0000	2.23329063737765	2.23329063737765	test	42
#FF0000	-4.19977163895965	-4.19977163895965	test	43
#FF0000	4.386823666282	4.386823666282	test	44
#FF0000	4.78040572721511	4.78040572721511	test	45
#FF0000	3.26704839477316	3.26704839477316	test	46
#FF0000	-3.82614479167387	-3.82614479167387	test	47
#FF0000	-0.775911000091583	-0.775911000091583	test	48
#FF0000	0.754946253728122	0.754946253728122	test	49
#FF0000	4.85995413735509	4.85995413735509	test	50
#FF0000	-3.78946365090087	-3.78946365090087	test	51
#FF0000	-1.67034428799525	-1.67034428799525	test	52
#FF0000	-0.151886786334217	-0.151886786334217	test	53
#FF0000	3.23713784571737	3.23713784571737	test	54
#FF0000	4.90718791494146	4.90718791494146	test	55
#FF0000	3.98702976759523	3.98702976759523	test	56
#FF0000	4.18254539137706	4.18254539137706	test	57
#FF0000	-0.569159102160484	-0.569159102160484	test	58
#FF0000	-2.12373616872355	-2.12373616872355	test	59
#FF0000	-2.85384828224778	-2.85384828224778	test	60
#FF0000	-2.49036039691418	-2.49036039691418	test	61
#FF0000	4.04474277049303	4.04474277049303	test	62
#FF0000	1.88795320689678	1.88795320689678	test	63
#FF0000	1.17795266211033	1.17795266211033	test	64
#FF0000	-3.80878648720682	-3.80878648720682	test	65
#FF0000	1.10549529315904	1.10549529315904	test	66
#FF0000	-3.55135762365535	-3.55135762365535	test	67
#FF0000	4.90378511603922	4.90378511603922	test	68
#FF0000	3.72419424820691	3.72419424820691	test	69
#FF0000	-4.17498839786276	-4.17498839786276	test	70
#FF0000	-0.636639471631497	-0.636639471631497	test	71
#FF0000	0.436588204465806	0.436588204465806	test	72
#FF0000	2.35814004903659	2.35814004903659	test	73
#FF0000	-0.805427685845643	-0.805427685845643	test	74
#FF0000	4.47056510718539	4.47056510718539	test	75
#FF0000	-4.2285431874916	-4.2285431874916	test	76
#FF0000	-0.76716233510524	-0.76716233510524	test	77
#FF0000	4.31476291734725	4.31476291734725	test	78
#FF0000	-4.46059607435018	-4.46059607435018	test	79
#FF0000	-1.99499337235466	-1.99499337235466	test	80
#FF0000	-3.119659377262	-3.119659377262	test	81
#FF0000	-4.02294255560264	-4.02294255560264	test	82
#FF0000	-1.67250773636624	-1.67250773636624	test	83
#FF0000	2.84472109517083	2.84472109517083	test	84
#FF0000	-1.6335020493716	-1.6335020493716	test	85
#FF0000	-0.034370522480458	-0.034370522480458	test	86
#FF0000	-0.67689202260226	-0.67689202260226	test	87
#FF0000	0.602770277764648	0.602770277764648	test	88
#FF0000	0.970857026986778	0.970857026986778	test	89
#FF0000	2.39067831309512	2.39067831309512	test	90
#FF0000	-2.7209010371007	-2.7209010371007	test	91
#FF0000	-3.79582737572491	-3.79582737572491	test	92
#FF0000	-1.0793622257188	-1.0793622257188	test	93
#FF0000	-0.563962715677917	-0.563962715677917	test	94
#FF0000	4.65967702446505	4.65967702446505	test	95
#FF0000	-0.669654118828475	-0.669654118828475	test	96
#FF0000	0.056782450992614	0.056782450992614	test	97
#FF0000	1.6630504722707	1.6630504722707	test	98
#FF0000	0.745784337632358	0.745784337632358	test	99
#FF0000	-3.609828222543	-3.609828222543	test	100
#000000	1.06268297648057	1.06268297648057	train	101
#000000	4.3764197290875	4.3764197290875	train	102
#000000	-2.35647932393476	-2.35647932393476	train	103
#000000	-1.19906080653891	-1.19906080653891	train	104
#000000	3.07483389042318	3.07483389042318	train	105
#000000	4.78075725259259	4.78075725259259	train	106
#000000	4.57933716475964	4.57933716475964	train	107
#000000	2.62731856433675	2.62731856433675	train	108
#000000	0.0964853493496776	0.0964853493496776	train	109
#000000	-4.35523204738274	-4.35523204738274	train	110
#FF0000	1.43572765169665	1.43572765169665	test	111
#FF0000	4.15908884257078	4.15908884257078	test	112
#FF0000	-4.04767419211566	-4.04767419211566	test	113
#FF0000	-2.04627197002992	-2.04627197002992	test	114
#FF0000	2.6993169891648	2.6993169891648	test	115
#FF0000	-2.44106474099681	-2.44106474099681	test	116
#FF0000	0.178957260213792	0.178957260213792	test	117
#FF0000	1.7784993047826	1.7784993047826	test	118
#FF0000	-3.52772180689499	-3.52772180689499	test	119
#FF0000	2.00526044936851	2.00526044936851	test	120
#FF0000	4.57992534851655	4.57992534851655	test	121
#FF0000	3.28625058988109	3.28625058988109	test	122
#FF0000	-3.80721196997911	-3.80721196997911	test	123
#FF0000	-2.59659008821473	-2.59659008821473	test	124
#FF0000	2.43188487831503	2.43188487831503	test	125
#FF0000	-1.84202378382906	-1.84202378382906	test	126
#FF0000	-1.43774565076455	-1.43774565076455	test	127
#FF0000	4.14359879679978	4.14359879679978	test	128
#FF0000	-2.25598458899185	-2.25598458899185	test	129
#FF0000	-0.666619276162237	-0.666619276162237	test	130
#FF0000	0.217734931502491	0.217734931502491	test	131
#FF0000	-3.73830862808973	-3.73830862808973	test	132
#FF0000	4.56151891965419	4.56151891965419	test	133
#FF0000	2.60002784896642	2.60002784896642	test	134
#FF0000	-3.63104291260242	-3.63104291260242	test	135
#FF0000	4.30865071713924	4.30865071713924	test	136
#FF0000	-1.13817139295861	-1.13817139295861	test	137
#FF0000	-4.40776953706518	-4.40776953706518	test	138
#FF0000	4.86357388785109	4.86357388785109	test	139
#FF0000	2.66906925244257	2.66906925244257	test	140
#FF0000	1.9803210766986	1.9803210766986	test	141
#FF0000	2.23329063737765	2.23329063737765	test	142
#FF0000	-4.19977163895965	-4.19977163895965	test	143
#FF0000	4.386823666282	4.386823666282	test	144
#FF0000	4.78040572721511	4.78040572721511	test	145
#FF0000	3.26704839477316	3.26704839477316	test	146
#FF0000	-3.82614479167387	-3.82614479167387	test	147
#FF0000	-0.775911000091583	-0.775911000091583	test	148
#FF0000	0.754946253728122	0.754946253728122	test	149
#FF0000	4.85995413735509	4.85995413735509	test	150
#FF0000	-3.78946365090087	-3.78946365090087	test	151
#FF0000	-1.67034428799525	-1.67034428799525	test	152
#FF0000	-0.151886786334217	-0.151886786334217	test	153
#FF0000	3.23713784571737	3.23713784571737	test	154
#FF0000	4.90718791494146	4.90718791494146	test	155
#FF0000	3.98702976759523	3.98702976759523	test	156
#FF0000	4.18254539137706	4.18254539137706	test	157
#FF0000	-0.569159102160484	-0.569159102160484	test	158
#FF0000	-2.12373616872355	-2.12373616872355	test	159
#FF0000	-2.85384828224778	-2.85384828224778	test	160
#FF0000	-2.49036039691418	-2.49036039691418	test	161
#FF0000	4.04474277049303	4.04474277049303	test	162
#FF0000	1.88795320689678	1.88795320689678	test	163
#FF0000	1.17795266211033	1.17795266211033	test	164
#FF0000	-3.80878648720682	-3.80878648720682	test	165
#FF0000	1.10549529315904	1.10549529315904	test	166
#FF0000	-3.55135762365535	-3.55135762365535	test	167
#FF0000	4.90378511603922	4.90378511603922	test	168
#FF0000	3.72419424820691	3.72419424820691	test	169
#FF0000	-4.17498839786276	-4.17498839786276	test	170
#FF0000	-0.636639471631497	-0.636639471631497	test	171
#FF0000	0.436588204465806	0.436588204465806	test	172
#FF0000	2.35814004903659	2.35814004903659	test	173
#FF0000	-0.805427685845643	-0.805427685845643	test	174
#FF0000	4.47056510718539	4.47056510718539	test	175
#FF0000	-4.2285431874916	-4.2285431874916	test	176
#FF0000	-0.76716233510524	-0.76716233510524	test	177
#FF0000	4.31476291734725	4.31476291734725	test	178
#FF0000	-4.46059607435018	-4.46059607435018	test	179
#FF0000	-1.99499337235466	-1.99499337235466	test	180
#FF0000	-3.119659377262	-3.119659377262	test	181
#FF0000	-4.02294255560264	-4.02294255560264	test	182
#FF0000	-1.67250773636624	-1.67250773636624	test	183
#FF0000	2.84472109517083	2.84472109517083	test	184
#FF0000	-1.6335020493716	-1.6335020493716	test	185
#FF0000	-0.034370522480458	-0.034370522480458	test	186
#FF0000	-0.67689202260226	-0.67689202260226	test	187
#FF0000	0.602770277764648	0.602770277764648	test	188
#FF0000	0.970857026986778	0.970857026986778	test	189
#FF0000	2.39067831309512	2.39067831309512	test	190
#FF0000	-2.7209010371007	-2.7209010371007	test	191
#FF0000	-3.79582737572491	-3.79582737572491	test	192
#FF0000	-1.0793622257188	-1.0793622257188	test	193
#FF0000	-0.563962715677917	-0.563962715677917	test	194
#FF0000	4.65967702446505	4.65967702446505	test	195
#FF0000	-0.669654118828475	-0.669654118828475	test	196
#FF0000	0.056782450992614	0.056782450992614	test	197
#FF0000	1.6630504722707	1.6630504722707	test	198
#FF0000	0.745784337632358	0.745784337632358	test	199
#FF0000	-3.609828222543	-3.609828222543	test	200
#000000	1.06268297648057	1.06268297648057	train	201
#000000	4.3764197290875	4.3764197290875	train	202
#000000	-2.35647932393476	-2.35647932393476	train	203
#000000	-1.19906080653891	-1.19906080653891	train	204
#000000	3.07483389042318	3.07483389042318	train	205
#000000	4.78075725259259	4.78075725259259	train	206
#000000	4.57933716475964	4.57933716475964	train	207
#000000	2.62731856433675	2.62731856433675	train	208
#000000	0.0964853493496776	0.0964853493496776	train	209
#000000	-4.35523204738274	-4.35523204738274	train	210
#FF0000	1.43572765169665	1.43572765169665	test	211
#FF0000	4.15908884257078	4.15908884257078	test	212
#FF0000	-4.04767419211566	-4.04767419211566	test	213
#FF0000	-2.04627197002992	-2.04627197002992	test	214
#FF0000	2.6993169891648	2.6993169891648	test	215
#FF0000	-2.44106474099681	-2.44106474099681	test	216
#FF0000	0.178957260213792	0.178957260213792	test	217
#FF0000	1.7784993047826	1.7784993047826	test	218
#FF0000	-3.52772180689499	-3.52772180689499	test	219
#FF0000	2.00526044936851	2.00526044936851	test	220
#FF0000	4.57992534851655	4.57992534851655	test	221
#FF0000	3.28625058988109	3.28625058988109	test	222
#FF0000	-3.80721196997911	-3.80721196997911	test	223
#FF0000	-2.59659008821473	-2.59659008821473	test	224
#FF0000	2.43188487831503	2.43188487831503	test	225
#FF0000	-1.84202378382906	-1.84202378382906	test	226
#FF0000	-1.43774565076455	-1.43774565076455	test	227
#FF0000	4.14359879679978	4.14359879679978	test	228
#FF0000	-2.25598458899185	-2.25598458899185	test	229
#FF0000	-0.666619276162237	-0.666619276162237	test	230
#FF0000	0.217734931502491	0.217734931502491	test	231
#FF0000	-3.73830862808973	-3.73830862808973	test	232
#FF0000	4.56151891965419	4.56151891965419	test	233
#FF0000	2.60002784896642	2.60002784896642	test	234
#FF0000	-3.63104291260242	-3.63104291260242	test	235
#FF0000	4.30865071713924	4.30865071713924	test	236
#FF0000	-1.13817139295861	-1.13817139295861	test	237
#FF0000	-4.40776953706518	-4.40776953706518	test	238
#FF0000	4.86357388785109	4.86357388785109	test	239
#FF0000	2.66906925244257	2.66906925244257	test	240
#FF0000	1.9803210766986	1.9803210766986	test	241
#FF0000	2.23329063737765	2.23329063737765	test	242
#FF0000	-4.19977163895965	-4.19977163895965	test	243
#FF0000	4.386823666282	4.386823666282	test	244
#FF0000	4.78040572721511	4.78040572721511	test	245
#FF0000	3.26704839477316	3.26704839477316	test	246
#FF0000	-3.82614479167387	-3.82614479167387	test	247
#FF0000	-0.775911000091583	-0.775911000091583	test	248
#FF0000	0.754946253728122	0.754946253728122	test	249
#FF0000	4.85995413735509	4.85995413735509	test	250
#FF0000	-3.78946365090087	-3.78946365090087	test	251
#FF0000	-1.67034428799525	-1.67034428799525	test	252
#FF0000	-0.151886786334217	-0.151886786334217	test	253
#FF0000	3.23713784571737	3.23713784571737	test	254
#FF0000	4.90718791494146	4.90718791494146	test	255
#FF0000	3.98702976759523	3.98702976759523	test	256
#FF0000	4.18254539137706	4.18254539137706	test	257
#FF0000	-0.569159102160484	-0.569159102160484	test	258
#FF0000	-2.12373616872355	-2.12373616872355	test	259
#FF0000	-2.85384828224778	-2.85384828224778	test	260
#FF0000	-2.49036039691418	-2.49036039691418	test	261
#FF0000	4.04474277049303	4.04474277049303	test	262
#FF0000	1.88795320689678	1.88795320689678	test	263
#FF0000	1.17795266211033	1.17795266211033	test	264
#FF0000	-3.80878648720682	-3.80878648720682	test	265
#FF0000	1.10549529315904	1.10549529315904	test	266
#FF0000	-3.55135762365535	-3.55135762365535	test	267
#FF0000	4.90378511603922	4.90378511603922	test	268
#FF0000	3.72419424820691	3.72419424820691	test	269
#FF0000	-4.17498839786276	-4.17498839786276	test	270
#FF0000	-0.636639471631497	-0.636639471631497	test	271
#FF0000	0.436588204465806	0.436588204465806	test	272
#FF0000	2.35814004903659	2.35814004903659	test	273
#FF0000	-0.805427685845643	-0.805427685845643	test	274
#FF0000	4.47056510718539	4.47056510718539	test	275
#FF0000	-4.2285431874916	-4.2285431874916	test	276
#FF0000	-0.76716233510524	-0.76716233510524	test	277
#FF0000	4.31476291734725	4.31476291734725	test	278
#FF0000	-4.46059607435018	-4.46059607435018	test	279
#FF0000	-1.99499337235466	-1.99499337235466	test	280
#FF0000	-3.119659377262	-3.119659377262	test	281
#FF0000	-4.02294255560264	-4.02294255560264	test	282
#FF0000	-1.67250773636624	-1.67250773636624	test	283
#FF0000	2.84472109517083	2.84472109517083	test	284
#FF0000	-1.6335020493716	-1.6335020493716	test	285
#FF0000	-0.034370522480458	-0.034370522480458	test	286
#FF0000	-0.67689202260226	-0.67689202260226	test	287
#FF0000	0.602770277764648	0.602770277764648	test	288
#FF0000	0.970857026986778	0.970857026986778	test	289
#FF0000	2.39067831309512	2.39067831309512	test	290
#FF0000	-2.7209010371007	-2.7209010371007	test	291
#FF0000	-3.79582737572491	-3.79582737572491	test	292
#FF0000	-1.0793622257188	-1.0793622257188	test	293
#FF0000	-0.563962715677917	-0.563962715677917	test	294
#FF0000	4.65967702446505	4.65967702446505	test	295
#FF0000	-0.669654118828475	-0.669654118828475	test	296
#FF0000	0.056782450992614	0.056782450992614	test	297
#FF0000	1.6630504722707	1.6630504722707	test	298
#FF0000	0.745784337632358	0.745784337632358	test	299
#FF0000	-3.609828222543	-3.609828222543	test	300
#000000	1.06268297648057	1.06268297648057	train	301
#000000	4.3764197290875	4.3764197290875	train	302
#000000	-2.35647932393476	-2.35647932393476	train	303
#000000	-1.19906080653891	-1.19906080653891	train	304
#000000	3.07483389042318	3.07483389042318	train	305
#000000	4.78075725259259	4.78075725259259	train	306
#000000	4.57933716475964	4.57933716475964	train	307
#000000	2.62731856433675	2.62731856433675	train	308
#000000	0.0964853493496776	0.0964853493496776	train	309
#000000	-4.35523204738274	-4.35523204738274	train	310
#FF0000	1.43572765169665	1.43572765169665	test	311
#FF0000	4.15908884257078	4.15908884257078	test	312
#FF0000	-4.04767419211566	-4.04767419211566	test	313
#FF0000	-2.04627197002992	-2.04627197002992	test	314
#FF0000	2.6993169891648	2.6993169891648	test	315
#FF0000	-2.44106474099681	-2.44106474099681	test	316
#FF0000	0.178957260213792	0.178957260213792	test	317
#FF0000	1.7784993047826	1.7784993047826	test	318
#FF0000	-3.52772180689499	-3.52772180689499	test	319
#FF0000	2.00526044936851	2.00526044936851	test	320
#FF0000	4.57992534851655	4.57992534851655	test	321
#FF0000	3.28625058988109	3.28625058988109	test	322
#FF0000	-3.80721196997911	-3.80721196997911	test	323
#FF0000	-2.59659008821473	-2.59659008821473	test	324
#FF0000	2.43188487831503	2.43188487831503	test	325
#FF0000	-1.84202378382906	-1.84202378382906	test	326
#FF0000	-1.43774565076455	-1.43774565076455	test	327
#FF0000	4.14359879679978	4.14359879679978	test	328
#FF0000	-2.25598458899185	-2.25598458899185	test	329
#FF0000	-0.666619276162237	-0.666619276162237	test	330
#FF0000	0.217734931502491	0.217734931502491	test	331
#FF0000	-3.73830862808973	-3.73830862808973	test	332
#FF0000	4.56151891965419	4.56151891965419	test	333
#FF0000	2.60002784896642	2.60002784896642	test	334
#FF0000	-3.63104291260242	-3.63104291260242	test	335
#FF0000	4.30865071713924	4.30865071713924	test	336
#FF0000	-1.13817139295861	-1.13817139295861	test	337
#FF0000	-4.40776953706518	-4.40776953706518	test	338
#FF0000	4.86357388785109	4.86357388785109	test	339
#FF0000	2.66906925244257	2.66906925244257	test	340
#FF0000	1.9803210766986	1.9803210766986	test	341
#FF0000	2.23329063737765	2.23329063737765	test	342
#FF0000	-4.19977163895965	-4.19977163895965	test	343
#FF0000	4.386823666282	4.386823666282	test	344
#FF0000	4.78040572721511	4.78040572721511	test	345
#FF0000	3.26704839477316	3.26704839477316	test	346
#FF0000	-3.82614479167387	-3.82614479167387	test	347
#FF0000	-0.775911000091583	-0.775911000091583	test	348
#FF0000	0.754946253728122	0.754946253728122	test	349
#FF0000	4.85995413735509	4.85995413735509	test	350
#FF0000	-3.78946365090087	-3.78946365090087	test	351
#FF0000	-1.67034428799525	-1.67034428799525	test	352
#FF0000	-0.151886786334217	-0.151886786334217	test	353
#FF0000	3.23713784571737	3.23713784571737	test	354
#FF0000	4.90718791494146	4.90718791494146	test	355
#FF0000	3.98702976759523	3.98702976759523	test	356
#FF0000	4.18254539137706	4.18254539137706	test	357
#FF0000	-0.569159102160484	-0.569159102160484	test	358
#FF0000	-2.12373616872355	-2.12373616872355	test	359
#FF0000	-2.85384828224778	-2.85384828224778	test	360
#FF0000	-2.49036039691418	-2.49036039691418	test	361
#FF0000	4.04474277049303	4.04474277049303	test	362
#FF0000	1.88795320689678	1.88795320689678	test	363
#FF0000	1.17795266211033	1.17795266211033	test	364
#FF0000	-3.80878648720682	-3.80878648720682	test	365
#FF0000	1.10549529315904	1.10549529315904	test	366
#FF0000	-3.55135762365535	-3.55135762365535	test	367
#FF0000	4.90378511603922	4.90378511603922	test	368
#FF0000	3.72419424820691	3.72419424820691	test	369
#FF0000	-4.17498839786276	-4.17498839786276	test	370
#FF0000	-0.636639471631497	-0.636639471631497	test	371
#FF0000	0.436588204465806	0.436588204465806	test	372
#FF0000	2.35814004903659	2.35814004903659	test	373
#FF0000	-0.805427685845643	-0.805427685845643	test	374
#FF0000	4.47056510718539	4.47056510718539	test	375
#FF0000	-4.2285431874916	-4.2285431874916	test	376
#FF0000	-0.76716233510524	-0.76716233510524	test	377
#FF0000	4.31476291734725	4.31476291734725	test	378
#FF0000	-4.46059607435018	-4.46059607435018	test	379
#FF0000	-1.99499337235466	-1.99499337235466	test	380
#FF0000	-3.119659377262	-3.119659377262	test	381
#FF0000	-4.02294255560264	-4.02294255560264	test	382
#FF0000	-1.67250773636624	-1.67250773636624	test	383
#FF0000	2.84472109517083	2.84472109517083	test	384
#FF0000	-1.6335020493716	-1.6335020493716	test	385
#FF0000	-0.034370522480458	-0.034370522480458	test	386
#FF0000	-0.67689202260226	-0.67689202260226	test	387
#FF0000	0.602770277764648	0.602770277764648	test	388
#FF0000	0.970857026986778	0.970857026986778	test	389
#FF0000	2.39067831309512	2.39067831309512	test	390
#FF0000	-2.7209010371007	-2.7209010371007	test	391
#FF0000	-3.79582737572491	-3.79582737572491	test	392
#FF0000	-1.0793622257188	-1.0793622257188	test	393
#FF0000	-0.563962715677917	-0.563962715677917	test	394
#FF0000	4.65967702446505	4.65967702446505	test	395
#FF0000	-0.669654118828475	-0.669654118828475	test	396
#FF0000	0.056782450992614	0.056782450992614	test	397
#FF0000	1.6630504722707	1.6630504722707	test	398
#FF0000	0.745784337632358	0.745784337632358	test	399
#FF0000	-3.609828222543	-3.609828222543	test	400
#000000	1.06268297648057	1.06268297648057	train	401
#000000	4.3764197290875	4.3764197290875	train	402
#000000	-2.35647932393476	-2.35647932393476	train	403
#000000	-1.19906080653891	-1.19906080653891	train	404
#000000	3.07483389042318	3.07483389042318	train	405
#000000	4.78075725259259	4.78075725259259	train	406
#000000	4.57933716475964	4.57933716475964	train	407
#000000	2.62731856433675	2.62731856433675	train	408
#000000	0.0964853493496776	0.0964853493496776	train	409
#000000	-4.35523204738274	-4.35523204738274	train	410
#FF0000	1.43572765169665	1.43572765169665	test	411
#FF0000	4.15908884257078	4.15908884257078	test	412
#FF0000	-4.04767419211566	-4.04767419211566	test	413
#FF0000	-2.04627197002992	-2.04627197002992	test	414
#FF0000	2.6993169891648	2.6993169891648	test	415
#FF0000	-2.44106474099681	-2.44106474099681	test	416
#FF0000	0.178957260213792	0.178957260213792	test	417
#FF0000	1.7784993047826	1.7784993047826	test	418
#FF0000	-3.52772180689499	-3.52772180689499	test	419
#FF0000	2.00526044936851	2.00526044936851	test	420
#FF0000	4.57992534851655	4.57992534851655	test	421
#FF0000	3.28625058988109	3.28625058988109	test	422
#FF0000	-3.80721196997911	-3.80721196997911	test	423
#FF0000	-2.59659008821473	-2.59659008821473	test	424
#FF0000	2.43188487831503	2.43188487831503	test	425
#FF0000	-1.84202378382906	-1.84202378382906	test	426
#FF0000	-1.43774565076455	-1.43774565076455	test	427
#FF0000	4.14359879679978	4.14359879679978	test	428
#FF0000	-2.25598458899185	-2.25598458899185	test	429
#FF0000	-0.666619276162237	-0.666619276162237	test	430
#FF0000	0.217734931502491	0.217734931502491	test	431
#FF0000	-3.73830862808973	-3.73830862808973	test	432
#FF0000	4.56151891965419	4.56151891965419	test	433
#FF0000	2.60002784896642	2.60002784896642	test	434
#FF0000	-3.63104291260242	-3.63104291260242	test	435
#FF0000	4.30865071713924	4.30865071713924	test	436
#FF0000	-1.13817139295861	-1.13817139295861	test	437
#FF0000	-4.40776953706518	-4.40776953706518	test	438
#FF0000	4.86357388785109	4.86357388785109	test	439
#FF0000	2.66906925244257	2.66906925244257	test	440
#FF0000	1.9803210766986	1.9803210766986	test	441
#FF0000	2.23329063737765	2.23329063737765	test	442
#FF0000	-4.19977163895965	-4.19977163895965	test	443
#FF0000	4.386823666282	4.386823666282	test	444
#FF0000	4.78040572721511	4.78040572721511	test	445
#FF0000	3.26704839477316	3.26704839477316	test	446
#FF0000	-3.82614479167387	-3.82614479167387	test	447
#FF0000	-0.775911000091583	-0.775911000091583	test	448
#FF0000	0.754946253728122	0.754946253728122	test	449
#FF0000	4.85995413735509	4.85995413735509	test	450
#FF0000	-3.78946365090087	-3.78946365090087	test	451
#FF0000	-1.67034428799525	-1.67034428799525	test	452
#FF0000	-0.151886786334217	-0.151886786334217	test	453
#FF0000	3.23713784571737	3.23713784571737	test	454
#FF0000	4.90718791494146	4.90718791494146	test	455
#FF0000	3.98702976759523	3.98702976759523	test	456
#FF0000	4.18254539137706	4.18254539137706	test	457
#FF0000	-0.569159102160484	-0.569159102160484	test	458
#FF0000	-2.12373616872355	-2.12373616872355	test	459
#FF0000	-2.85384828224778	-2.85384828224778	test	460
#FF0000	-2.49036039691418	-2.49036039691418	test	461
#FF0000	4.04474277049303	4.04474277049303	test	462
#FF0000	1.88795320689678	1.88795320689678	test	463
#FF0000	1.17795266211033	1.17795266211033	test	464
#FF0000	-3.80878648720682	-3.80878648720682	test	465
#FF0000	1.10549529315904	1.10549529315904	test	466
#FF0000	-3.55135762365535	-3.55135762365535	test	467
#FF0000	4.90378511603922	4.90378511603922	test	468
#FF0000	3.72419424820691	3.72419424820691	test	469
#FF0000	-4.17498839786276	-4.17498839786276	test	470
#FF0000	-0.636639471631497	-0.636639471631497	test	471
#FF0000	0.436588204465806	0.436588204465806	test	472
#FF0000	2.35814004903659	2.35814004903659	test	473
#FF0000	-0.805427685845643	-0.805427685845643	test	474
#FF0000	4.47056510718539	4.47056510718539	test	475
#FF0000	-4.2285431874916	-4.2285431874916	test	476
#FF0000	-0.76716233510524	-0.76716233510524	test	477
#FF0000	4.31476291734725	4.31476291734725	test	478
#FF0000	-4.46059607435018	-4.46059607435018	test	479
#FF0000	-1.99499337235466	-1.99499337235466	test	480
#FF0000	-3.119659377262	-3.119659377262	test	481
#FF0000	-4.02294255560264	-4.02294255560264	test	482
#FF0000	-1.67250773636624	-1.67250773636624	test	483
#FF0000	2.84472109517083	2.84472109517083	test	484
#FF0000	-1.6335020493716	-1.6335020493716	test	485
#FF0000	-0.034370522480458	-0.034370522480458	test	486
#FF0000	-0.67689202260226	-0.67689202260226	test	487
#FF0000	0.602770277764648	0.602770277764648	test	488
#FF0000	0.970857026986778	0.970857026986778	test	489
#FF0000	2.39067831309512	2.39067831309512	test	490
#FF0000	-2.7209010371007	-2.7209010371007	test	491
#FF0000	-3.79582737572491	-3.79582737572491	test	492
#FF0000	-1.0793622257188	-1.0793622257188	test	493
#FF0000	-0.563962715677917	-0.563962715677917	test	494
#FF0000	4.65967702446505	4.65967702446505	test	495
#FF0000	-0.669654118828475	-0.669654118828475	test	496
#FF0000	0.056782450992614	0.056782450992614	test	497
#FF0000	1.6630504722707	1.6630504722707	test	498
#FF0000	0.745784337632358	0.745784337632358	test	499
#FF0000	-3.609828222543	-3.609828222543	test	500
#000000	1.06268297648057	1.06268297648057	train	501
#000000	4.3764197290875	4.3764197290875	train	502
#000000	-2.35647932393476	-2.35647932393476	train	503
#000000	-1.19906080653891	-1.19906080653891	train	504
#000000	3.07483389042318	3.07483389042318	train	505
#000000	4.78075725259259	4.78075725259259	train	506
#000000	4.57933716475964	4.57933716475964	train	507
#000000	2.62731856433675	2.62731856433675	train	508
#000000	0.0964853493496776	0.0964853493496776	train	509
#000000	-4.35523204738274	-4.35523204738274	train	510
#FF0000	1.43572765169665	1.43572765169665	test	511
#FF0000	4.15908884257078	4.15908884257078	test	512
#FF0000	-4.04767419211566	-4.04767419211566	test	513
#FF0000	-2.04627197002992	-2.04627197002992	test	514
#FF0000	2.6993169891648	2.6993169891648	test	515
#FF0000	-2.44106474099681	-2.44106474099681	test	516
#FF0000	0.178957260213792	0.178957260213792	test	517
#FF0000	1.7784993047826	1.7784993047826	test	518
#FF0000	-3.52772180689499	-3.52772180689499	test	519
#FF0000	2.00526044936851	2.00526044936851	test	520
#FF0000	4.57992534851655	4.57992534851655	test	521
#FF0000	3.28625058988109	3.28625058988109	test	522
#FF0000	-3.80721196997911	-3.80721196997911	test	523
#FF0000	-2.59659008821473	-2.59659008821473	test	524
#FF0000	2.43188487831503	2.43188487831503	test	525
#FF0000	-1.84202378382906	-1.84202378382906	test	526
#FF0000	-1.43774565076455	-1.43774565076455	test	527
#FF0000	4.14359879679978	4.14359879679978	test	528
#FF0000	-2.25598458899185	-2.25598458899185	test	529
#FF0000	-0.666619276162237	-0.666619276162237	test	530
#FF0000	0.217734931502491	0.217734931502491	test	531
#FF0000	-3.73830862808973	-3.73830862808973	test	532
#FF0000	4.56151891965419	4.56151891965419	test	533
#FF0000	2.60002784896642	2.60002784896642	test	534
#FF0000	-3.63104291260242	-3.63104291260242	test	535
#FF0000	4.30865071713924	4.30865071713924	test	536
#FF0000	-1.13817139295861	-1.13817139295861	test	537
#FF0000	-4.40776953706518	-4.40776953706518	test	538
#FF0000	4.86357388785109	4.86357388785109	test	539
#FF0000	2.66906925244257	2.66906925244257	test	540
#FF0000	1.9803210766986	1.9803210766986	test	541
#FF0000	2.23329063737765	2.23329063737765	test	542
#FF0000	-4.19977163895965	-4.19977163895965	test	543
#FF0000	4.386823666282	4.386823666282	test	544
#FF0000	4.78040572721511	4.78040572721511	test	545
#FF0000	3.26704839477316	3.26704839477316	test	546
#FF0000	-3.82614479167387	-3.82614479167387	test	547
#FF0000	-0.775911000091583	-0.775911000091583	test	548
#FF0000	0.754946253728122	0.754946253728122	test	549
#FF0000	4.85995413735509	4.85995413735509	test	550
#FF0000	-3.78946365090087	-3.78946365090087	test	551
#FF0000	-1.67034428799525	-1.67034428799525	test	552
#FF0000	-0.151886786334217	-0.151886786334217	test	553
#FF0000	3.23713784571737	3.23713784571737	test	554
#FF0000	4.90718791494146	4.90718791494146	test	555
#FF0000	3.98702976759523	3.98702976759523	test	556
#FF0000	4.18254539137706	4.18254539137706	test	557
#FF0000	-0.569159102160484	-0.569159102160484	test	558
#FF0000	-2.12373616872355	-2.12373616872355	test	559
#FF0000	-2.85384828224778	-2.85384828224778	test	560
#FF0000	-2.49036039691418	-2.49036039691418	test	561
#FF0000	4.04474277049303	4.04474277049303	test	562
#FF0000	1.88795320689678	1.88795320689678	test	563
#FF0000	1.17795266211033	1.17795266211033	test	564
#FF0000	-3.80878648720682	-3.80878648720682	test	565
#FF0000	1.10549529315904	1.10549529315904	test	566
#FF0000	-3.55135762365535	-3.55135762365535	test	567
#FF0000	4.90378511603922	4.90378511603922	test	568
#FF0000	3.72419424820691	3.72419424820691	test	569
#FF0000	-4.17498839786276	-4.17498839786276	test	570
#FF0000	-0.636639471631497	-0.636639471631497	test	571
#FF0000	0.436588204465806	0.436588204465806	test	572
#FF0000	2.35814004903659	2.35814004903659	test	573
#FF0000	-0.805427685845643	-0.805427685845643	test	574
#FF0000	4.47056510718539	4.47056510718539	test	575
#FF0000	-4.2285431874916	-4.2285431874916	test	576
#FF0000	-0.76716233510524	-0.76716233510524	test	577
#FF0000	4.31476291734725	4.31476291734725	test	578
#FF0000	-4.46059607435018	-4.46059607435018	test	579
#FF0000	-1.99499337235466	-1.99499337235466	test	580
#FF0000	-3.119659377262	-3.119659377262	test	581
#FF0000	-4.02294255560264	-4.02294255560264	test	582
#FF0000	-1.67250773636624	-1.67250773636624	test	583
#FF0000	2.84472109517083	2.84472109517083	test	584
#FF0000	-1.6335020493716	-1.6335020493716	test	585
#FF0000	-0.034370522480458	-0.034370522480458	test	586
#FF0000	-0.67689202260226	-0.67689202260226	test	587
#FF0000	0.602770277764648	0.602770277764648	test	588
#FF0000	0.970857026986778	0.970857026986778	test	589
#FF0000	2.39067831309512	2.39067831309512	test	590
#FF0000	-2.7209010371007	-2.7209010371007	test	591
#FF0000	-3.79582737572491	-3.79582737572491	test	592
#FF0000	-1.0793622257188	-1.0793622257188	test	593
#FF0000	-0.563962715677917	-0.563962715677917	test	594
#FF0000	4.65967702446505	4.65967702446505	test	595
#FF0000	-0.669654118828475	-0.669654118828475	test	596
#FF0000	0.056782450992614	0.056782450992614	test	597
#FF0000	1.6630504722707	1.6630504722707	test	598
#FF0000	0.745784337632358	0.745784337632358	test	599
#FF0000	-3.609828222543	-3.609828222543	test	600
#000000	1.06268297648057	1.06268297648057	train	601
#000000	4.3764197290875	4.3764197290875	train	602
#000000	-2.35647932393476	-2.35647932393476	train	603
#000000	-1.19906080653891	-1.19906080653891	train	604
#000000	3.07483389042318	3.07483389042318	train	605
#000000	4.78075725259259	4.78075725259259	train	606
#000000	4.57933716475964	4.57933716475964	train	607
#000000	2.62731856433675	2.62731856433675	train	608
#000000	0.0964853493496776	0.0964853493496776	train	609
#000000	-4.35523204738274	-4.35523204738274	train	610
#FF0000	1.43572765169665	1.43572765169665	test	611
#FF0000	4.15908884257078	4.15908884257078	test	612
#FF0000	-4.04767419211566	-4.04767419211566	test	613
#FF0000	-2.04627197002992	-2.04627197002992	test	614
#FF0000	2.6993169891648	2.6993169891648	test	615
#FF0000	-2.44106474099681	-2.44106474099681	test	616
#FF0000	0.178957260213792	0.178957260213792	test	617
#FF0000	1.7784993047826	1.7784993047826	test	618
#FF0000	-3.52772180689499	-3.52772180689499	test	619
#FF0000	2.00526044936851	2.00526044936851	test	620
#FF0000	4.57992534851655	4.57992534851655	test	621
#FF0000	3.28625058988109	3.28625058988109	test	622
#FF0000	-3.80721196997911	-3.80721196997911	test	623
#FF0000	-2.59659008821473	-2.59659008821473	test	624
#FF0000	2.43188487831503	2.43188487831503	test	625
#FF0000	-1.84202378382906	-1.84202378382906	test	626
#FF0000	-1.43774565076455	-1.43774565076455	test	627
#FF0000	4.14359879679978	4.14359879679978	test	628
#FF0000	-2.25598458899185	-2.25598458899185	test	629
#FF0000	-0.666619276162237	-0.666619276162237	test	630
#FF0000	0.217734931502491	0.217734931502491	test	631
#FF0000	-3.73830862808973	-3.73830862808973	test	632
#FF0000	4.56151891965419	4.56151891965419	test	633
#FF0000	2.60002784896642	2.60002784896642	test	634
#FF0000	-3.63104291260242	-3.63104291260242	test	635
#FF0000	4.30865071713924	4.30865071713924	test	636
#FF0000	-1.13817139295861	-1.13817139295861	test	637
#FF0000	-4.40776953706518	-4.40776953706518	test	638
#FF0000	4.86357388785109	4.86357388785109	test	639
#FF0000	2.66906925244257	2.66906925244257	test	640
#FF0000	1.9803210766986	1.9803210766986	test	641
#FF0000	2.23329063737765	2.23329063737765	test	642
#FF0000	-4.19977163895965	-4.19977163895965	test	643
#FF0000	4.386823666282	4.386823666282	test	644
#FF0000	4.78040572721511	4.78040572721511	test	645
#FF0000	3.26704839477316	3.26704839477316	test	646
#FF0000	-3.82614479167387	-3.82614479167387	test	647
#FF0000	-0.775911000091583	-0.775911000091583	test	648
#FF0000	0.754946253728122	0.754946253728122	test	649
#FF0000	4.85995413735509	4.85995413735509	test	650
#FF0000	-3.78946365090087	-3.78946365090087	test	651
#FF0000	-1.67034428799525	-1.67034428799525	test	652
#FF0000	-0.151886786334217	-0.151886786334217	test	653
#FF0000	3.23713784571737	3.23713784571737	test	654
#FF0000	4.90718791494146	4.90718791494146	test	655
#FF0000	3.98702976759523	3.98702976759523	test	656
#FF0000	4.18254539137706	4.18254539137706	test	657
#FF0000	-0.569159102160484	-0.569159102160484	test	658
#FF0000	-2.12373616872355	-2.12373616872355	test	659
#FF0000	-2.85384828224778	-2.85384828224778	test	660
#FF0000	-2.49036039691418	-2.49036039691418	test	661
#FF0000	4.04474277049303	4.04474277049303	test	662
#FF0000	1.88795320689678	1.88795320689678	test	663
#FF0000	1.17795266211033	1.17795266211033	test	664
#FF0000	-3.80878648720682	-3.80878648720682	test	665
#FF0000	1.10549529315904	1.10549529315904	test	666
#FF0000	-3.55135762365535	-3.55135762365535	test	667
#FF0000	4.90378511603922	4.90378511603922	test	668
#FF0000	3.72419424820691	3.72419424820691	test	669
#FF0000	-4.17498839786276	-4.17498839786276	test	670
#FF0000	-0.636639471631497	-0.636639471631497	test	671
#FF0000	0.436588204465806	0.436588204465806	test	672
#FF0000	2.35814004903659	2.35814004903659	test	673
#FF0000	-0.805427685845643	-0.805427685845643	test	674
#FF0000	4.47056510718539	4.47056510718539	test	675
#FF0000	-4.2285431874916	-4.2285431874916	test	676
#FF0000	-0.76716233510524	-0.76716233510524	test	677
#FF0000	4.31476291734725	4.31476291734725	test	678
#FF0000	-4.46059607435018	-4.46059607435018	test	679
#FF0000	-1.99499337235466	-1.99499337235466	test	680
#FF0000	-3.119659377262	-3.119659377262	test	681
#FF0000	-4.02294255560264	-4.02294255560264	test	682
#FF0000	-1.67250773636624	-1.67250773636624	test	683
#FF0000	2.84472109517083	2.84472109517083	test	684
#FF0000	-1.6335020493716	-1.6335020493716	test	685
#FF0000	-0.034370522480458	-0.034370522480458	test	686
#FF0000	-0.67689202260226	-0.67689202260226	test	687
#FF0000	0.602770277764648	0.602770277764648	test	688
#FF0000	0.970857026986778	0.970857026986778	test	689
#FF0000	2.39067831309512	2.39067831309512	test	690
#FF0000	-2.7209010371007	-2.7209010371007	test	691
#FF0000	-3.79582737572491	-3.79582737572491	test	692
#FF0000	-1.0793622257188	-1.0793622257188	test	693
#FF0000	-0.563962715677917	-0.563962715677917	test	694
#FF0000	4.65967702446505	4.65967702446505	test	695
#FF0000	-0.669654118828475	-0.669654118828475	test	696
#FF0000	0.056782450992614	0.056782450992614	test	697
#FF0000	1.6630504722707	1.6630504722707	test	698
#FF0000	0.745784337632358	0.745784337632358	test	699
#FF0000	-3.609828222543	-3.609828222543	test	700
#000000	1.06268297648057	1.06268297648057	train	701
#000000	4.3764197290875	4.3764197290875	train	702
#000000	-2.35647932393476	-2.35647932393476	train	703
#000000	-1.19906080653891	-1.19906080653891	train	704
#000000	3.07483389042318	3.07483389042318	train	705
#000000	4.78075725259259	4.78075725259259	train	706
#000000	4.57933716475964	4.57933716475964	train	707
#000000	2.62731856433675	2.62731856433675	train	708
#000000	0.0964853493496776	0.0964853493496776	train	709
#000000	-4.35523204738274	-4.35523204738274	train	710
#FF0000	1.43572765169665	1.43572765169665	test	711
#FF0000	4.15908884257078	4.15908884257078	test	712
#FF0000	-4.04767419211566	-4.04767419211566	test	713
#FF0000	-2.04627197002992	-2.04627197002992	test	714
#FF0000	2.6993169891648	2.6993169891648	test	715
#FF0000	-2.44106474099681	-2.44106474099681	test	716
#FF0000	0.178957260213792	0.178957260213792	test	717
#FF0000	1.7784993047826	1.7784993047826	test	718
#FF0000	-3.52772180689499	-3.52772180689499	test	719
#FF0000	2.00526044936851	2.00526044936851	test	720
#FF0000	4.57992534851655	4.57992534851655	test	721
#FF0000	3.28625058988109	3.28625058988109	test	722
#FF0000	-3.80721196997911	-3.80721196997911	test	723
#FF0000	-2.59659008821473	-2.59659008821473	test	724
#FF0000	2.43188487831503	2.43188487831503	test	725
#FF0000	-1.84202378382906	-1.84202378382906	test	726
#FF0000	-1.43774565076455	-1.43774565076455	test	727
#FF0000	4.14359879679978	4.14359879679978	test	728
#FF0000	-2.25598458899185	-2.25598458899185	test	729
#FF0000	-0.666619276162237	-0.666619276162237	test	730
#FF0000	0.217734931502491	0.217734931502491	test	731
#FF0000	-3.73830862808973	-3.73830862808973	test	732
#FF0000	4.56151891965419	4.56151891965419	test	733
#FF0000	2.60002784896642	2.60002784896642	test	734
#FF0000	-3.63104291260242	-3.63104291260242	test	735
#FF0000	4.30865071713924	4.30865071713924	test	736
#FF0000	-1.13817139295861	-1.13817139295861	test	737
#FF0000	-4.40776953706518	-4.40776953706518	test	738
#FF0000	4.86357388785109	4.86357388785109	test	739
#FF0000	2.66906925244257	2.66906925244257	test	740
#FF0000	1.9803210766986	1.9803210766986	test	741
#FF0000	2.23329063737765	2.23329063737765	test	742
#FF0000	-4.19977163895965	-4.19977163895965	test	743
#FF0000	4.386823666282	4.386823666282	test	744
#FF0000	4.78040572721511	4.78040572721511	test	745
#FF0000	3.26704839477316	3.26704839477316	test	746
#FF0000	-3.82614479167387	-3.82614479167387	test	747
#FF0000	-0.775911000091583	-0.775911000091583	test	748
#FF0000	0.754946253728122	0.754946253728122	test	749
#FF0000	4.85995413735509	4.85995413735509	test	750
#FF0000	-3.78946365090087	-3.78946365090087	test	751
#FF0000	-1.67034428799525	-1.67034428799525	test	752
#FF0000	-0.151886786334217	-0.151886786334217	test	753
#FF0000	3.23713784571737	3.23713784571737	test	754
#FF0000	4.90718791494146	4.90718791494146	test	755
#FF0000	3.98702976759523	3.98702976759523	test	756
#FF0000	4.18254539137706	4.18254539137706	test	757
#FF0000	-0.569159102160484	-0.569159102160484	test	758
#FF0000	-2.12373616872355	-2.12373616872355	test	759
#FF0000	-2.85384828224778	-2.85384828224778	test	760
#FF0000	-2.49036039691418	-2.49036039691418	test	761
#FF0000	4.04474277049303	4.04474277049303	test	762
#FF0000	1.88795320689678	1.88795320689678	test	763
#FF0000	1.17795266211033	1.17795266211033	test	764
#FF0000	-3.80878648720682	-3.80878648720682	test	765
#FF0000	1.10549529315904	1.10549529315904	test	766
#FF0000	-3.55135762365535	-3.55135762365535	test	767
#FF0000	4.90378511603922	4.90378511603922	test	768
#FF0000	3.72419424820691	3.72419424820691	test	769
#FF0000	-4.17498839786276	-4.17498839786276	test	770
#FF0000	-0.636639471631497	-0.636639471631497	test	771
#FF0000	0.436588204465806	0.436588204465806	test	772
#FF0000	2.35814004903659	2.35814004903659	test	773
#FF0000	-0.805427685845643	-0.805427685845643	test	774
#FF0000	4.47056510718539	4.47056510718539	test	775
#FF0000	-4.2285431874916	-4.2285431874916	test	776
#FF0000	-0.76716233510524	-0.76716233510524	test	777
#FF0000	4.31476291734725	4.31476291734725	test	778
#FF0000	-4.46059607435018	-4.46059607435018	test	779
#FF0000	-1.99499337235466	-1.99499337235466	test	780
#FF0000	-3.119659377262	-3.119659377262	test	781
#FF0000	-4.02294255560264	-4.02294255560264	test	782
#FF0000	-1.67250773636624	-1.67250773636624	test	783
#FF0000	2.84472109517083	2.84472109517083	test	784
#FF0000	-1.6335020493716	-1.6335020493716	test	785
#FF0000	-0.034370522480458	-0.034370522480458	test	786
#FF0000	-0.67689202260226	-0.67689202260226	test	787
#FF0000	0.602770277764648	0.602770277764648	test	788
#FF0000	0.970857026986778	0.970857026986778	test	789
#FF0000	2.39067831309512	2.39067831309512	test	790
#FF0000	-2.7209010371007	-2.7209010371007	test	791
#FF0000	-3.79582737572491	-3.79582737572491	test	792
#FF0000	-1.0793622257188	-1.0793622257188	test	793
#FF0000	-0.563962715677917	-0.563962715677917	test	794
#FF0000	4.65967702446505	4.65967702446505	test	795
#FF0000	-0.669654118828475	-0.669654118828475	test	796
#FF0000	0.056782450992614	0.056782450992614	test	797
#FF0000	1.6630504722707	1.6630504722707	test	798
#FF0000	0.745784337632358	0.745784337632358	test	799
#FF0000	-3.609828222543	-3.609828222543	test	800
#000000	1.06268297648057	1.06268297648057	train	801
#000000	4.3764197290875	4.3764197290875	train	802
#000000	-2.35647932393476	-2.35647932393476	train	803
#000000	-1.19906080653891	-1.19906080653891	train	804
#000000	3.07483389042318	3.07483389042318	train	805
#000000	4.78075725259259	4.78075725259259	train	806
#000000	4.57933716475964	4.57933716475964	train	807
#000000	2.62731856433675	2.62731856433675	train	808
#000000	0.0964853493496776	0.0964853493496776	train	809
#000000	-4.35523204738274	-4.35523204738274	train	810
#FF0000	1.43572765169665	1.43572765169665	test	811
#FF0000	4.15908884257078	4.15908884257078	test	812
#FF0000	-4.04767419211566	-4.04767419211566	test	813
#FF0000	-2.04627197002992	-2.04627197002992	test	814
#FF0000	2.6993169891648	2.6993169891648	test	815
#FF0000	-2.44106474099681	-2.44106474099681	test	816
#FF0000	0.178957260213792	0.178957260213792	test	817
#FF0000	1.7784993047826	1.7784993047826	test	818
#FF0000	-3.52772180689499	-3.52772180689499	test	819
#FF0000	2.00526044936851	2.00526044936851	test	820
#FF0000	4.57992534851655	4.57992534851655	test	821
#FF0000	3.28625058988109	3.28625058988109	test	822
#FF0000	-3.80721196997911	-3.80721196997911	test	823
#FF0000	-2.59659008821473	-2.59659008821473	test	824
#FF0000	2.43188487831503	2.43188487831503	test	825
#FF0000	-1.84202378382906	-1.84202378382906	test	826
#FF0000	-1.43774565076455	-1.43774565076455	test	827
#FF0000	4.14359879679978	4.14359879679978	test	828
#FF0000	-2.25598458899185	-2.25598458899185	test	829
#FF0000	-0.666619276162237	-0.666619276162237	test	830
#FF0000	0.217734931502491	0.217734931502491	test	831
#FF0000	-3.73830862808973	-3.73830862808973	test	832
#FF0000	4.56151891965419	4.56151891965419	test	833
#FF0000	2.60002784896642	2.60002784896642	test	834
#FF0000	-3.63104291260242	-3.63104291260242	test	835
#FF0000	4.30865071713924	4.30865071713924	test	836
#FF0000	-1.13817139295861	-1.13817139295861	test	837
#FF0000	-4.40776953706518	-4.40776953706518	test	838
#FF0000	4.86357388785109	4.86357388785109	test	839
#FF0000	2.66906925244257	2.66906925244257	test	840
#FF0000	1.9803210766986	1.9803210766986	test	841
#FF0000	2.23329063737765	2.23329063737765	test	842
#FF0000	-4.19977163895965	-4.19977163895965	test	843
#FF0000	4.386823666282	4.386823666282	test	844
#FF0000	4.78040572721511	4.78040572721511	test	845
#FF0000	3.26704839477316	3.26704839477316	test	846
#FF0000	-3.82614479167387	-3.82614479167387	test	847
#FF0000	-0.775911000091583	-0.775911000091583	test	848
#FF0000	0.754946253728122	0.754946253728122	test	849
#FF0000	4.85995413735509	4.85995413735509	test	850
#FF0000	-3.78946365090087	-3.78946365090087	test	851
#FF0000	-1.67034428799525	-1.67034428799525	test	852
#FF0000	-0.151886786334217	-0.151886786334217	test	853
#FF0000	3.23713784571737	3.23713784571737	test	854
#FF0000	4.90718791494146	4.90718791494146	test	855
#FF0000	3.98702976759523	3.98702976759523	test	856
#FF0000	4.18254539137706	4.18254539137706	test	857
#FF0000	-0.569159102160484	-0.569159102160484	test	858
#FF0000	-2.12373616872355	-2.12373616872355	test	859
#FF0000	-2.85384828224778	-2.85384828224778	test	860
#FF0000	-2.49036039691418	-2.49036039691418	test	861
#FF0000	4.04474277049303	4.04474277049303	test	862
#FF0000	1.88795320689678	1.88795320689678	test	863
#FF0000	1.17795266211033	1.17795266211033	test	864
#FF0000	-3.80878648720682	-3.80878648720682	test	865
#FF0000	1.10549529315904	1.10549529315904	test	866
#FF0000	-3.55135762365535	-3.55135762365535	test	867
#FF0000	4.90378511603922	4.90378511603922	test	868
#FF0000	3.72419424820691	3.72419424820691	test	869
#FF0000	-4.17498839786276	-4.17498839786276	test	870
#FF0000	-0.636639471631497	-0.636639471631497	test	871
#FF0000	0.436588204465806	0.436588204465806	test	872
#FF0000	2.35814004903659	2.35814004903659	test	873
#FF0000	-0.805427685845643	-0.805427685845643	test	874
#FF0000	4.47056510718539	4.47056510718539	test	875
#FF0000	-4.2285431874916	-4.2285431874916	test	876
#FF0000	-0.76716233510524	-0.76716233510524	test	877
#FF0000	4.31476291734725	4.31476291734725	test	878
#FF0000	-4.46059607435018	-4.46059607435018	test	879
#FF0000	-1.99499337235466	-1.99499337235466	test	880
#FF0000	-3.119659377262	-3.119659377262	test	881
#FF0000	-4.02294255560264	-4.02294255560264	test	882
#FF0000	-1.67250773636624	-1.67250773636624	test	883
#FF0000	2.84472109517083	2.84472109517083	test	884
#FF0000	-1.6335020493716	-1.6335020493716	test	885
#FF0000	-0.034370522480458	-0.034370522480458	test	886
#FF0000	-0.67689202260226	-0.67689202260226	test	887
#FF0000	0.602770277764648	0.602770277764648	test	888
#FF0000	0.970857026986778	0.970857026986778	test	889
#FF0000	2.39067831309512	2.39067831309512	test	890
#FF0000	-2.7209010371007	-2.7209010371007	test	891
#FF0000	-3.79582737572491	-3.79582737572491	test	892
#FF0000	-1.0793622257188	-1.0793622257188	test	893
#FF0000	-0.563962715677917	-0.563962715677917	test	894
#FF0000	4.65967702446505	4.65967702446505	test	895
#FF0000	-0.669654118828475	-0.669654118828475	test	896
#FF0000	0.056782450992614	0.056782450992614	test	897
#FF0000	1.6630504722707	1.6630504722707	test	898
#FF0000	0.745784337632358	0.745784337632358	test	899
#FF0000	-3.609828222543	-3.609828222543	test	900
#000000	1.06268297648057	1.06268297648057	train	901
#000000	4.3764197290875	4.3764197290875	train	902
#000000	-2.35647932393476	-2.35647932393476	train	903
#000000	-1.19906080653891	-1.19906080653891	train	904
#000000	3.07483389042318	3.07483389042318	train	905
#000000	4.78075725259259	4.78075725259259	train	906
#000000	4.57933716475964	4.57933716475964	train	907
#000000	2.62731856433675	2.62731856433675	train	908
#000000	0.0964853493496776	0.0964853493496776	train	909
#000000	-4.35523204738274	-4.35523204738274	train	910
#FF0000	1.43572765169665	1.43572765169665	test	911
#FF0000	4.15908884257078	4.15908884257078	test	912
#FF0000	-4.04767419211566	-4.04767419211566	test	913
#FF0000	-2.04627197002992	-2.04627197002992	test	914
#FF0000	2.6993169891648	2.6993169891648	test	915
#FF0000	-2.44106474099681	-2.44106474099681	test	916
#FF0000	0.178957260213792	0.178957260213792	test	917
#FF0000	1.7784993047826	1.7784993047826	test	918
#FF0000	-3.52772180689499	-3.52772180689499	test	919
#FF0000	2.00526044936851	2.00526044936851	test	920
#FF0000	4.57992534851655	4.57992534851655	test	921
#FF0000	3.28625058988109	3.28625058988109	test	922
#FF0000	-3.80721196997911	-3.80721196997911	test	923
#FF0000	-2.59659008821473	-2.59659008821473	test	924
#FF0000	2.43188487831503	2.43188487831503	test	925
#FF0000	-1.84202378382906	-1.84202378382906	test	926
#FF0000	-1.43774565076455	-1.43774565076455	test	927
#FF0000	4.14359879679978	4.14359879679978	test	928
#FF0000	-2.25598458899185	-2.25598458899185	test	929
#FF0000	-0.666619276162237	-0.666619276162237	test	930
#FF0000	0.217734931502491	0.217734931502491	test	931
#FF0000	-3.73830862808973	-3.73830862808973	test	932
#FF0000	4.56151891965419	4.56151891965419	test	933
#FF0000	2.60002784896642	2.60002784896642	test	934
#FF0000	-3.63104291260242	-3.63104291260242	test	935
#FF0000	4.30865071713924	4.30865071713924	test	936
#FF0000	-1.13817139295861	-1.13817139295861	test	937
#FF0000	-4.40776953706518	-4.40776953706518	test	938
#FF0000	4.86357388785109	4.86357388785109	test	939
#FF0000	2.66906925244257	2.66906925244257	test	940
#FF0000	1.9803210766986	1.9803210766986	test	941
#FF0000	2.23329063737765	2.23329063737765	test	942
#FF0000	-4.19977163895965	-4.19977163895965	test	943
#FF0000	4.386823666282	4.386823666282	test	944
#FF0000	4.78040572721511	4.78040572721511	test	945
#FF0000	3.26704839477316	3.26704839477316	test	946
#FF0000	-3.82614479167387	-3.82614479167387	test	947
#FF0000	-0.775911000091583	-0.775911000091583	test	948
#FF0000	0.754946253728122	0.754946253728122	test	949
#FF0000	4.85995413735509	4.85995413735509	test	950
#FF0000	-3.78946365090087	-3.78946365090087	test	951
#FF0000	-1.67034428799525	-1.67034428799525	test	952
#FF0000	-0.151886786334217	-0.151886786334217	test	953
#FF0000	3.23713784571737	3.23713784571737	test	954
#FF0000	4.90718791494146	4.90718791494146	test	955
#FF0000	3.98702976759523	3.98702976759523	test	956
#FF0000	4.18254539137706	4.18254539137706	test	957
#FF0000	-0.569159102160484	-0.569159102160484	test	958
#FF0000	-2.12373616872355	-2.12373616872355	test	959
#FF0000	-2.85384828224778	-2.85384828224778	test	960
#FF0000	-2.49036039691418	-2.49036039691418	test	961
#FF0000	4.04474277049303	4.04474277049303	test	962
#FF0000	1.88795320689678	1.88795320689678	test	963
#FF0000	1.17795266211033	1.17795266211033	test	964
#FF0000	-3.80878648720682	-3.80878648720682	test	965
#FF0000	1.10549529315904	1.10549529315904	test	966
#FF0000	-3.55135762365535	-3.55135762365535	test	967
#FF0000	4.90378511603922	4.90378511603922	test	968
#FF0000	3.72419424820691	3.72419424820691	test	969
#FF0000	-4.17498839786276	-4.17498839786276	test	970
#FF0000	-0.636639471631497	-0.636639471631497	test	971
#FF0000	0.436588204465806	0.436588204465806	test	972
#FF0000	2.35814004903659	2.35814004903659	test	973
#FF0000	-0.805427685845643	-0.805427685845643	test	974
#FF0000	4.47056510718539	4.47056510718539	test	975
#FF0000	-4.2285431874916	-4.2285431874916	test	976
#FF0000	-0.76716233510524	-0.76716233510524	test	977
#FF0000	4.31476291734725	4.31476291734725	test	978
#FF0000	-4.46059607435018	-4.46059607435018	test	979
#FF0000	-1.99499337235466	-1.99499337235466	test	980
#FF0000	-3.119659377262	-3.119659377262	test	981
#FF0000	-4.02294255560264	-4.02294255560264	test	982
#FF0000	-1.67250773636624	-1.67250773636624	test	983
#FF0000	2.84472109517083	2.84472109517083	test	984
#FF0000	-1.6335020493716	-1.6335020493716	test	985
#FF0000	-0.034370522480458	-0.034370522480458	test	986
#FF0000	-0.67689202260226	-0.67689202260226	test	987
#FF0000	0.602770277764648	0.602770277764648	test	988
#FF0000	0.970857026986778	0.970857026986778	test	989
#FF0000	2.39067831309512	2.39067831309512	test	990
#FF0000	-2.7209010371007	-2.7209010371007	test	991
#FF0000	-3.79582737572491	-3.79582737572491	test	992
#FF0000	-1.0793622257188	-1.0793622257188	test	993
#FF0000	-0.563962715677917	-0.563962715677917	test	994
#FF0000	4.65967702446505	4.65967702446505	test	995
#FF0000	-0.669654118828475	-0.669654118828475	test	996
#FF0000	0.056782450992614	0.056782450992614	test	997
#FF0000	1.6630504722707	1.6630504722707	test	998
#FF0000	0.745784337632358	0.745784337632358	test	999
#FF0000	-3.609828222543	-3.609828222543	test	1000
